BEGIN;

DROP TABLE IF EXISTS users,catigory,subcatigory, products, orders,brands,ordersdetails, reviews , admins, payment ,productreviews,Cart;
CREATE TABLE users(
   id SERIAL PRIMARY KEY,
   userName VARCHAR(255) NOT NULL,
   userPassword VARCHAR(255) NOT NULL,
   email VARCHAR(255) UNIQUE NOT NULL
);
CREATE TABLE  brands (
   id INTEGER PRIMARY KEY,
   brandName VARCHAR(255)
);
CREATE TABLE catigory(
   id INTEGER PRIMARY KEY,
   catigoryName VARCHAR(255),
   catigoryCode VARCHAR(255)
);
CREATE TABLE subCatigory(
   id INTEGER PRIMARY KEY,
   subcatigoryName VARCHAR(255),
   catigoryId INTEGER REFERENCES catigory(id)
);
CREATE TABLE products(
   id SERIAL PRIMARY KEY,
   productName VARCHAR(255) NOT NULL,
   productCode VARCHAR(255) NOT NULL,
   productUrl TEXT NOT NULL,
   brandId INTEGER REFERENCES brands(id),
   catigoryId INTEGER REFERENCES catigory(id),
   img TEXT NOT NULL,
   price INTEGER,
   description TEXT
);
CREATE TABLE orders(
   id SERIAL PRIMARY KEY,
   orderdate TEXT ,
   id_user INTEGER REFERENCES users(id),
   price VARCHAR(255)
);
CREATE TABLE ordersDetails(
   productId INTEGER REFERENCES products(id),
   orderId INTEGER REFERENCES orders(id),
   quantity INTEGER ,
   PRIMARY KEY(orderId,productId)
);
CREATE TABLE reviews(
   id SERIAL PRIMARY KEY,
   user_id INTEGER REFERENCES users(id),
   review TEXT,
   postTime VARCHAR(255)
);
CREATE TABLE admins(
    id SERIAL PRIMARY KEY,
    userName VARCHAR(255) NOT NULL,
    adminPassword VARCHAR(255) NOT NULL,
    adminKey VARCHAR(255) UNIQUE
);
CREATE TABLE payment(
    id SERIAL PRIMARY KEY,
    firstName VARCHAR(255) NOT NULL,
    lastName VARCHAR(255) NOT NULL,
    cardNumber VARCHAR(255) NOT NULL,
    expDate VARCHAR(255) NOT NULL,
    userId  INTEGER REFERENCES users(id)
);
CREATE TABLE productReviews(
   id INTEGER PRIMARY KEY,
   userId INTEGER REFERENCES users(id),
   productId INTEGER REFERENCES products(id),
   review TEXT NOT NULL,
   postTime timestamp 
);
CREATE TABLE Cart(
   user_id INTEGER REFERENCES users(id),
   productId  INTEGER REFERENCES products(id) ,
   quantity INTEGER ,
   PRIMARY KEY (user_id,productId)
);


-- //insert data to database tabels:

INSERT INTO catigory (id,catigoryname,catigorycode) VALUES (1,'Makeup','cat140006'),(2,'Clean at Sephora','cat3780034'),(3,'Skincare','cat150006'),(4,'Tools & Brushes','cat130042'),(5,'Fragrance','cat160006'),(6,'Bath & Body','cat140014'),(7,'Hair',NULL);

INSERT INTO admins(id,userName,adminPassword,adminKey) VALUES (123,'Yosrada','Y1234','K444'),(456,'muha','M456','K111'),(789,'astbrq','A159','K888');

INSERT INTO brands (id,brandName)VALUES 
(1,'The Ordinary'),(2,'Dior'),(3,'Lancôme'),(4,'tarte'),(5,'Charlotte Tilbury'),(6,'TOM FORD'),(7,'Benefit Cosmetics'),(8,'Benefit Cosmetics'),(9,'NARS'),(10,'Curlsmith'),(11,'Briogeo'),(12,'Olaplex'),(13,'kayali'),(14,'SEPHORA COLLECTION'),(15,'FOREO'),(16,'goop'),(17,'FaceGym'),(18,'Dyson
'),(19,'amika'),(20,'OUAI'),(21,'CHANEL'),(22,'BURBERRY'),(23,'Prada'),(24,'Versace'),(25,'DOLCE & GABBANA'),(26,'Chloé'),(27,'Fenty Beauty by Rihanna'),(28,'Wander Beauty'),(29,'Elie Saab'),(30,'Biossance');


 
INSERT INTO products(productName, productCode, productUrl, brandId, catigoryId,img,price,description) VALUES ('BACKSTAGE Eyeshadow Palette','P432504', 'https://www.sephora.com/product/backstage-eyeshadow-palette-P432504?skuId=2191435&icid2=products%20grid:p432504:product', 2,1,'https://www.sephora.com/productimages/sku/s2191435-main-zoom.jpg?imwidth=612',49,'The Dior Backstage Eye Palette is the Dior makeup artists secret weapon for achieving makeup looks from the most natural to the most intense, while providing a professional finish.
Inspired by the energy backstage at the Dior runway shows, the makeup palette combines eye essentials: primer, eyeshadow with matte, pearly or metallic finishes depending on the harmony, highlighter and eyeliner.
Adapted to all different skin tones, the shades reveal buildable textures for flawless eyes.');
INSERT INTO products(productName, productCode, productUrl, brandId, catigoryId,img,price,description) VALUES ('Mini Voyageur Eyeshadow Palette','P441810','https://www.sephora.com/product/voyageur-eyeshadow-palette-mini-P441810?skuId=2191880&icid2=products%20grid:p441810:product',9,1,'https://www.sephora.com/productimages/sku/s2191880-main-zoom.jpg?imwidth=612',32,'This unique curation of shades inspired by destinations around the globe—in buttery mattes, lustrous satins, and multidimensional glitter formulas—will transport you to a place of uninhibited artistry. The miniature size and lightweight compact allow for portability and convenience while traveling. The versatile formula can be used as an eyeshadow or liner, applied wet or dry. Its addictive, velvety texture easily blends to create smooth, even color, while delivering rich, long-lasting pigment in one stroke.');
INSERT INTO products(productName, productCode, productUrl, brandId, catigoryId,img,price,description) VALUES ('5 Couleurs Couture Eyeshadow Palette','P463032','https://www.sephora.com/product/dior-5-couleurs-couture-eyeshadow-palette-P463032?skuId=2365211&icid2=products%20grid:p463032:product',2,1,'https://www.sephora.com/productimages/sku/s2365211-main-zoom.jpg?imwidth=612',62,'This is the Five Couleurs Eyeshadow Palette reinvented in couture style with a new case and formula. The eyeshadows are set in a high-end case, delicately crafted like a jewelry box. The shadows are enriched with aloe vera and pine oil to smooth and soften the lids while delivering rich, radiant color.');
INSERT INTO products(productName, productCode, productUrl, brandId, catigoryId,img,price,description) VALUES ('Eye Color Quad Eyeshadow Palette','P422568','https://www.sephora.com/product/eye-color-quad-P422568?skuId=2335719&icid2=products%20grid:p422568:product',6,1,'https://www.sephora.com/productimages/sku/s2335719-main-zoom.jpg?imwidth=612',90,'With this palette, you can achieve multiple looks from a bold, smoky eye, to a sexy slash of color, and everything in between. The four luxurious finishes—sheer sparkle, satin, shimmer, and matte—are formulated with advanced color processes and offer a spectrum of intensity and effects. Two custom applicators are also included.');
INSERT INTO products(productName, productCode, productUrl, brandId, catigoryId,img,price,description) VALUES ('Soleil Neige Eye Color Quad','P503100','https://www.sephora.com/product/tom-ford-soleil-neige-eye-quad-P503100?skuId=2629327&icid2=products%20grid:p503100:product',6,1,'https://www.sephora.com/productimages/sku/s2629327-main-zoom.jpg?imwidth=612',90,'VERSATILE. MULTI-DIMENSIONAL. LUXE. THE SOLEIL NEIGE EYE COLOR QUAD CREATES A SMOLDERING EYE TOUCHED WITH AN ALLURING ALPENGLOW EFFECT AS PINK-TONED NEUTRALS AND BURNISHED METALLICS EVOKE SUNSET LIGHT CAST ONTO SNOWY MOUNTAINS. THE FOUR COMPLEMENTING SHADES ACHIEVE MULTIPLE LOOKS, FROM A BOLD, SMOKY EYE, TO A SUBTLE, GLOWING LOOK AND EVERYTHING IN BETWEEN. FORMULATED WITH ADVANCED COLOR PROCESSES, THE LUXURIOUS SHIMMER FINISH OFFERS A SPECTRUM OF INTENSITY AND EFFECTS THAT DELIVER INCREDIBLE COLOR AND OUTSTANDING ADHESION. TWO CUSTOM APPLICATORS INCLUDED.');
INSERT INTO products(productName, productCode, productUrl, brandId, catigoryId,img,price,description) VALUES ('Color Shifter Mini Eyeshadow Palette','P503921','https://www.sephora.com/product/sephora-collection-sc-color-shifter-mini-eyeshadow-palette-P503921?skuId=2606630&icid2=products%20grid:p503921:product',14,1,'https://www.sephora.com/productimages/sku/s2606630-main-zoom.jpg?imwidth=612',10,'Unlock a countless range of looks with these mini eyeshadow palettes. Each palette includes a light-reflecting glitter topper to use on its own or over other shades. This topper will allow you to shift all your makeup shades in a flash. In just a few seconds, hack into a velvet matte or shimmer and give it a subtle glittery finish. The mirror is removable and conveniently sized to fit inside a purse.');
INSERT INTO products(productName, productCode, productUrl, brandId, catigoryId,img,price,description) VALUES ('Eye Love Bloom Eyeshadow Palette','P471080','https://www.sephora.com/product/sephora-collection-eye-love-bloom-eyeshadow-palette-P471080?skuId=2395325&icid2=products%20grid:p471080:product',14,1,'https://www.sephora.com/productimages/sku/s2395325-main-zoom.jpg?imwidth=612',9,'The Eye Love Bloom palettes include seven creamy matte, shimmer, and metallic eyeshadows in a range of wearable neutrals with floral-inspired pops of color. The larger pan creates a perfect base shade while the sultry mattes and dazzling shimmer and metallic shades blend easily to add depth and accentuate your features. Create a natural or glam look with one palette, or mix and match palettes without breaking the bank. These portable palettes feature a full-size mirror, perfect for creating stunning eye looks at home or on the go.');
INSERT INTO products(productName, productCode, productUrl, brandId, catigoryId,img,price,description) VALUES ('Luxury Eyeshadow Palette', 'P433523','https://www.sephora.com/product/luxury-eyeshadow-palette-P433523?skuId=2102614&icid2=products%20grid:p433523:product', 5,1, 'https://www.sephora.com/productimages/sku/s2102614-main-zoom.jpg?imwidth=612',53,'Each palette contains four harmonious eye colors: Prime, Enhance, Smoke, and Pop. Create a smooth base for your eye look using the Prime shade; build up definition with Enhance; add drama with the Smoke shade; and finish your dazzling look with the shimmer Pop shade. The collection ranges from bronze and golden to deep reds and purples, and can be built for a day, desk, dusk, or disco look. The step by step application is artistry made easy.');
INSERT INTO products(productName, productCode, productUrl, brandId, catigoryId,img,price,description) VALUES ('Luxury Eyeshadow Palette - Walk of No Shame Collection','P462845','https://www.sephora.com/product/charlotte-tilbury-luxury-eyeshadow-palette-walk-no-shame-collection-P462845?skuId=2368470&icid2=products%20grid:p462845:product',5,1,'https://www.sephora.com/productimages/sku/s2368470-main-zoom.jpg?imwidth=612',55,'This palette contains four harmonious eye colors: Prime, Enhance, Smoke, and Pop. It helps create a smooth base for your eye look using Prime, build definition with Enhance, add drama with Smoke, and finish with shimmery Pop. The step-by-step application is artistry made easy.');
INSERT INTO products(productName, productCode, productUrl, brandId, catigoryId,img,price,description) VALUES ('Clean Glitter Eyeshadow Palette','P484070','https://www.sephora.com/product/sephora-collection-clean-glitter-eyeshadow-palette-P484070?skuId=2420974&icid2=products%20grid:p484070:product',14,1,'https://www.sephora.com/productimages/sku/s2420974-main-zoom.jpg?imwidth=612',18,'This clean eyeshadow palette comes with four buildable and versatile pressed-glitter shades to light up your appearance with rich color that twinkles and shimmers. The glitter is pre-mixed with an adhesive base to apply effortlessly. This palette is formulated without ingredients from animal origin.');
INSERT INTO products(productName, productCode, productUrl, brandId, catigoryId,img,price,description) VALUES ('Lash Idôle Lash-Lifting & Volumizing Mascara','P467208','https://www.sephora.com/product/lancome-lash-idole-lash-lifting-volumizing-mascara-P467208?skuId=2417145&icid2=products%20grid:p467208:product',3,1,'https://www.sephora.com/productimages/sku/s2417145-main-zoom.jpg?imwidth=612',30,'This mascara has a curved wand that pushes up and fans out lashes for an open-eye effect with up to 24 hours of lasting power. 360 micro-size bristles grab and lengthen every lash from root to tip (no matter how small), while the lightweight gel formula leaves the lashes feathery soft—without flaking, clumping, or smudging.');
INSERT INTO products(productName, productCode, productUrl, brandId, catigoryId,img,price,description) VALUES ('BADgal BANG! Volumizing Mascara','P427517','https://www.sephora.com/product/bad-gal-bang-mascara-P427517?skuId=2031649&icid2=products%20grid:p427517:product',7,1,'https://www.sephora.com/productimages/sku/s2031649-main-zoom.jpg?imwidth=612',28,'This mascara has a curved wand that pushes up and fans out lashes for an open-eye effect with up to 24 hours of lasting power. 360 micro-size bristles grab and lengthen every lash from root to tip (no matter how small), while the lightweight gel formula leaves the lashes feathery soft—without flaking, clumping, or smudging.');
INSERT INTO products(productName, productCode, productUrl, brandId, catigoryId,img,price,description) VALUES ('They are Real! Lengthening Mascara','P289307','https://www.sephora.com/product/they-re-real-lengthening-volumizing-mascara-P289307?skuId=1343938&icid2=products%20grid:p289307:product',7,1,'https://www.sephora.com/productimages/sku/s1343938-main-zoom.jpg?imwidth=612',28,'Go horizontal: the staggered bristles grab close to the root, boosting length and volume.Then go vertical: the custom-domed tip with precision bristles lift, define, and curl even your tiniest lashes.');
INSERT INTO products(productName, productCode, productUrl, brandId, catigoryId,img,price,description) VALUES ('Monsieur Big Volumizing Mascara','P419848','https://www.sephora.com/product/monsieur-big-mascara-P419848?skuId=1956176&icid2=products%20grid:p419848:product',3,1,'https://www.sephora.com/productimages/sku/s1956176-main-zoom.jpg?imwidth=612',30,' Say goodbye to fake lashes and eyelash extensions and hello to longer lashes. This volumizing and lengthening mascara is smudge-proof and does not flake. The soft brush and wavy fiber bristles deliver high-intensity, while the ultra-black pigments evenly coat each lash for clump-free volume.');
INSERT INTO products(productName, productCode, productUrl, brandId, catigoryId,img,price,description) VALUES ('Mini Mascara Fest Value Set','P482251','https://www.sephora.com/product/benefit-cosmetics-mascara-mini-fest-mascara-value-set-P482251?skuId=2544187&icid2=products%20grid:p482251:product',7,1,'https://www.sephora.com/productimages/sku/s2544187-main-zoom.jpg?imwidth=612',25,'Lash of the party! Volumize, curl, and lengthen lashes to the extreme with this mini mascara trio. They are Real! Magnet gives lashes extreme length and powerful lift, while Benefit Cosmetics bestselling BADgal BANG! brings bigger, badder volume, and the fan-favorite Roller Lash separates and curls.');
INSERT INTO products(productName, productCode, productUrl, brandId, catigoryId,img,price,description) VALUES ('Multi-Peptide Lash and Brow Serum','P500423','https://www.sephora.com/product/multi-peptide-lash-brow-serum-P500423?skuId=2532588&icid2=products%20grid:p500423:product',1,1,'https://www.sephora.com/productimages/sku/s2532588-main-zoom.jpg?imwidth=612',14,'This twice daily treatment features 11 key active ingredients that work by targeting multiple pathways to support increased hair density and thickness while nourishing and protecting.');
INSERT INTO products(productName, productCode, productUrl, brandId, catigoryId,img,price,description) VALUES ('Full Frontal Volume, Lift & Curl Mascara','P45432919','https://www.sephora.com/product/fenty-beauty-rihanna-full-frontal-volume-lift-curl-mascara-P45432919?skuId=2294312&icid2=products%20grid:p45432919:product',27,1,'https://www.sephora.com/productimages/sku/s2294312-main-zoom.jpg?imwidth=612',24,'Get full-on lashes with this water-resistant formula that is shown* to volumize, lengthen, lift, and curl lashes. It features an exclusive flat-to-fat brush: The fat side loads and lifts lashes; the flat side defines and curls. The long-wear formula keeps lashes exposed all day.');
INSERT INTO products(productName, productCode, productUrl, brandId, catigoryId,img,price,description) VALUES ('tartelette tubing mascara', 'P500182','https://www.sephora.com/product/tartelette-tubing-mascara-P500182?skuId=2585628&icid2=products%20grid:p500182:product',4,1,'https://www.sephora.com/productimages/sku/s2585628-main-zoom.jpg?imwidth=612',24,'Get full-on lashes with this water-resistant formula that is shown* to volumize, lengthen, lift, and curl lashes. It features an exclusive flat-to-fat brush: The fat side loads and lifts lashes; the flat side defines and curls. The long-wear formula keeps lashes exposed all day.');
INSERT INTO products(productName, productCode, productUrl, brandId, catigoryId,img,price,description) VALUES ('Climax Mascara','P434385','https://www.sephora.com/product/climax-mascara-P434385?skuId=2090090&icid2=products%20grid:p434385:product',9,1,'https://www.sephora.com/productimages/sku/s2090090-main-zoom.jpg?imwidth=612',25,'Lash Moisture Complex creates a whipped, creamy formula to lift and build so lashes feel soft—never heavy or stiff. The exclusive, full-bodied brush’s ribbed bristles capture and coat each lash for an intense effect. Blackened pigments wrap lashes from root to tip for rich color and bold dimension.');
INSERT INTO products(productName, productCode, productUrl, brandId, catigoryId,img,price,description) VALUES ('LashCraft Big Volume Volumizing Mascara','P420612','https://www.sephora.com/product/lashcraft-big-volume-mascara-P420612?skuId=1921709&icid2=products%20grid:p420612:product',14,1,'https://www.sephora.com/productimages/sku/s1921709-main-zoom.jpg?imwidth=612',14,'LashCraft full-volume mascaras saturated black pigments coat and thicken lashes. Nourishing jojoba oil fortifies while preventing flaking, smudging, and clumping. Build lashes to desired intensity and definition. Not tested on animals.');
INSERT INTO products(productName, productCode, productUrl, brandId, catigoryId,img,price,description) VALUES ('Matte Revolution Lipstick','P433530','https://www.sephora.com/product/matte-revolution-lipstick-P433530?skuId=2116879&icid2=products%20grid:p433530:product',5,1,'https://www.sephora.com/productimages/sku/s2116879-main-zoom.jpg?imwidth=612',34,'The lipstick features 3D glow pigments that help lips appear wider and fuller. The matte formula is enriched with Charlottes secret ingredient and orchid extract to protect and soothe lips for a cashmere finish. The unique, square-angled tip mimics the shape of a lip brush for a precise application. This lipstick comes in a range of 12 shades, including the bestselling Pillow Talk, giving every woman the choice of a perfect nude or pop of color.');
INSERT INTO products(productName, productCode, productUrl, brandId, catigoryId,img,price,description) VALUES ('Dior Addict Refillable Shine Lipstick','P481969','https://www.sephora.com/product/dior-dior-addict-refillable-shine-lipstick-P481969?skuId=2509263&icid2=products%20grid:p481969:product',2,1,'https://www.sephora.com/productimages/sku/s2509263-main-zoom.jpg?imwidth=612',42,'Composed with jasmine wax and plum oil, Dior Addict Shine Lipstick delivers up to 24-hour hydration and up to six hours of radiant color. Available in a wide range of trendy shades, this refillable lipstick offers vibrant color, hydration, and glossy shine.');
INSERT INTO products(productName, productCode, productUrl, brandId, catigoryId,img,price,description) VALUES ('Lip Color Lipstick','P416057','https://www.sephora.com/product/lip-color-P416057?skuId=1917244&icid2=products%20grid:p416057:product',6,1,'https://www.sephora.com/productimages/sku/s1917244-main-zoom.jpg?imwidth=612',58,'Offered in iconic Tom Ford packaging, Lip Color is blended with Soja Seed Extract and Murumuru Butter for a luxuriously creamy texture, luminous finish and smooth application.');
INSERT INTO products(productName, productCode, productUrl, brandId, catigoryId,img,price,description) VALUES ('Powermatte Long-Lasting Lipstick','P501583','https://www.sephora.com/product/nars-powermatte-lipstick-P501583?skuId=2599108&icid2=products%20grid:p501583:product',9,1,'https://www.sephora.com/productimages/sku/s2599108-main-zoom.jpg?imwidth=612',34,'Free of parabens, formaldehydes, formaldehyde-releasing agents, phthalates, mineral oil, retinyl palmitate, oxybenzone, coal tar, hydroquinone, sulfates SLS & SLES, triclocarban, and triclosan. It is also vegan.');
INSERT INTO products(productName, productCode, productUrl, brandId, catigoryId,img,price,description) VALUES ('Lipstick','P448502','https://www.sephora.com/product/lipstick-P448502?skuId=2245751&icid2=products%20grid:p448502:product',9,1,'https://www.sephora.com/productimages/sku/s2245751-main-zoom.jpg?imwidth=612',26,'This extensive shade range is suitable for all skin tones, and is available in three finishes: sheer, satin, and matte. Enhanced pigment dispersion provides an even, pure color application that does not feather or bleed, with a lightweight feel.');
INSERT INTO products(productName, productCode, productUrl, brandId, catigoryId,img,price,description) VALUES ('Hyaluronic Happikiss Lipstick Balm','P468347','https://www.sephora.com/product/charlotte-tilbury-hyaluronic-happi-kiss-color-lip-balm-P468347?skuId=2420503&icid2=products%20grid:p468347:product',5,1,'https://www.sephora.com/productimages/sku/s2420503-main-zoom.jpg?imwidth=612',34,'This lipstick balm formula was created to leave lips looking plumper, smoother, and more hydrated while giving them a happy glow. It glides on with a nourishing, cushiony, dewy-soft, gloss finish, and features high-performance, hydrating color your lips will love.');
INSERT INTO products(productName, productCode, productUrl, brandId, catigoryId,img,price,description) VALUES ('Lip Liner To Go','P395532','https://www.sephora.com/product/lip-liner-to-go-P395532?skuId=1656032&icid2=products%20grid:p395532:product',14,1,'https://www.sephora.com/productimages/sku/s1656032-main-zoom.jpg?imwidth=612',6,'These lip liners can be used for perfect lip contouring at any time. They can also be used over the entire lip for a trendy, semi-matte finish. Each is made with a highly pigmented formula and is designed to be matched with a SEPHORA COLLECTION lipstick.');
INSERT INTO products(productName, productCode, productUrl, brandId, catigoryId,img,price,description) VALUES ('maracuja juicy lip liner','P504210','https://www.sephora.com/product/tarte-maracuja-juicy-lip-liner-P504210?skuId=2641256&icid2=products%20grid:p504210:product',4,1,'https://www.sephora.com/productimages/sku/s2641256-main-zoom.jpg?imwidth=612',20,' This dermatologist-tested creamy lip liner with hyaluronic acid glides on to softly contour or fill in lips completely. The formula is powered by tarte’s maracuja superfruit complex, so it won’t drag, smudge, feather, or bleed. The custom lip-lifter tip instantly shapes and defines lips for a fuller-, plumper-looking pout. Plus, it has a built-in sharpener. Pair with your favorite maracuja juicy lip from tarte (sold separately) for smoother, plumper, juicier-looking lips.');
INSERT INTO products(productName, productCode, productUrl, brandId, catigoryId,img,price,description) VALUES ('Velvet Matte Lipstick Pencil','P78834','https://www.sephora.com/product/velvet-matte-lip-pencil-P78834?skuId=1900083&icid2=products%20grid:p78834:product',9,1,'https://www.sephora.com/productimages/sku/s1900083-main-zoom.jpg?imwidth=612',27,'Saturate lips with rich, vivid pigments and a velvety-matte finish. This non-drying, long-lasting formula is enriched with vitamin E and emollients for a creamy texture. The versatile pencil can be paired with other lip products for added dimension, or used as a tinted base.');
INSERT INTO products(productName, productCode, productUrl, brandId, catigoryId,img,price,description) VALUES ('Le Lip Liner','P54433','https://www.sephora.com/product/le-lipstique-lipcolouring-stick-with-brush-P54433?skuId=785162&icid2=products%20grid:p54433:product',3,1,'https://www.sephora.com/productimages/sku/s785162-main-zoom.jpg?imwidth=612',28,'Two tools in one: a soft, creamy, waterproof pencil for gorgeous, professional-looking lips on one end; and a brush for blending on the other.');
INSERT INTO products(productName, productCode, productUrl, brandId, catigoryId,img,price,description) VALUES ('Natural Moisturizing Factors + HA', 'P427414','https://www.sephora.com/product/the-ordinary-deciem-natural-moisturizing-factors-ha-P427414?skuId=2210581&icid2=products%20grid:p427414:product',1,3,'https://www.sephora.com/productimages/sku/s2210581-main-zoom.jpg?imwidth=612',13,'This formula offers non-greasy hydration that acts as a direct topical supplement of natural moisturizing factor components. It contains 11 amino acids, phospholipids, alpha/beta/gamma fatty acids, triglycerides, sterols and sterol esters, glycerin, ceramide precursors, urea, saccharides, sodium PCA, and hyaluronic acid, offering immediate hydration and lasting results with continued use.');
INSERT INTO products(productName, productCode, productUrl, brandId, catigoryId,img,price,description) VALUES ('Magic Cream Moisturizer with Hyaluronic Acid','P433520','https://www.sephora.com/product/charlotte-s-magic-cream-P433520?skuId=2486272&icid2=products%20grid:p433520:product',5,3,'https://www.sephora.com/productimages/sku/s2486272-main-zoom.jpg?imwidth=612',100,' Meet the product that started it all. Frustrated by moisturizers that did not provide a glowing base, Charlotte created her own to quickly transform model and celebrity skin. The formula floods skin with moisture, making it look plumper and smoother for a visible transformation rapidly and over time.');
INSERT INTO products(productName, productCode, productUrl, brandId, catigoryId,img,price,description) VALUES ('Mini Charlottes Magic Cream','P435975','https://www.sephora.com/product/charlotte-s-magic-cream-mini-P435975?skuId=2142065&icid2=products%20grid:p435975:product',5,3,'https://www.sephora.com/productimages/sku/s2142065-main-zoom.jpg?imwidth=612',29,'This product started it all. Frustrated by moisturizers that did not provide a glowing base, Charlotte created her own to transform models and celebrities skin in an instant. Magic Cream floods skin with moisture, making it appear plumper and smoother, while transforming the look over time.');
INSERT INTO products(productName, productCode, productUrl, brandId, catigoryId,img,price,description) VALUES ('100% Organic Cold-Pressed Rose Hip Seed Oil','P427415','https://www.sephora.com/product/the-ordinary-deciem-100-organic-cold-pressed-rose-hip-seed-oil-P427415?skuId=2031417&icid2=products%20grid:p427415:product',1,3,'https://www.sephora.com/productimages/sku/s2031417-main-zoom.jpg?imwidth=612',11,'Rose Hip Seed Oil is completely unrefined and imparts a natural scent, partly due to its high omega fatty acid content. This scent is not an indication of rancidity. Rose Hip Seed Oil that does not have a scent is refined and offers reduced benefits. It comes in UV-protective packaging.');
INSERT INTO products(productName, productCode, productUrl, brandId, catigoryId,img,price,description) VALUES ('La Mousse OFF/ON Foaming Face Cleanser','P481972','https://www.sephora.com/product/dior-foaming-cleanser-la-mousse-reform-P481972?skuId=2552693&icid2=products%20grid:p481972:product',2,3,'https://www.sephora.com/productimages/sku/s2552693-main-zoom.jpg?imwidth=612',47,'Composed of 90 percent natural-origin ingredients, this gentle cleanser is infused with purifying water lily from the Dior gardens. With a light, airy texture, this two-in-one foaming facial cleanser delivers cleansing and skincare. OFF means purifying, ON means soothing.');
INSERT INTO products(productName, productCode, productUrl, brandId, catigoryId,img,price,description) VALUES ('knockout daily exfoliating cleanser','P454376','https://www.sephora.com/product/tarte-knockout-daily-exfoliating-cleanser-P454376?skuId=2315885&icid2=products%20grid:p454376:product',4,3,'https://www.sephora.com/productimages/sku/s2315885-main-zoom.jpg?imwidth=612',12,'This AHA and BHA acid complex with lactic, glycolic, and salicylic acids is formulated to retexturize uneven skin. It delivers a silky lather with peppermint and eucalyptus that leaves skin feeling soft, smooth, and invigorated');
INSERT INTO products(productName, productCode, productUrl, brandId, catigoryId,img,price,description) VALUES ('Serum Serum Serum','P461937','https://www.sephora.com/product/foreo-serum-serum-serum-P461937?skuId=2384725&icid2=products%20grid:p461937:product',15,3,'https://www.sephora.com/productimages/sku/s2384725-main-zoom.jpg?imwidth=612',59,'Developed specifically for use with designated FOREO™ devices such as the BEAR™ Facial Toning Device, Serum Serum Serum is the key to getting the most out of your favorite beauty tech treatments.');
INSERT INTO products(productName, productCode, productUrl, brandId, catigoryId,img,price,description) VALUES ('Marine Hyaluronics','P455899','https://www.sephora.com/product/the-ordinary-marine-hyaluronics-P455899?skuId=2336493&icid2=products%20grid:p455899:product',1,3,'https://www.sephora.com/productimages/sku/s2336493-main-zoom.jpg?imwidth=612',9,'This serum contains exopolysaccharides from skin-friendly marine bacteria, Hawaiian red algae, glycoproteins from Antarctic marine sources, micro-filtered blue-green algae, and several health-supporting amino acids. It is light in texture and supports skin hydration.');
INSERT INTO products(productName, productCode, productUrl, brandId, catigoryId,img,price,description) VALUES ('Vitamin Face Masks','P500743','https://www.sephora.com/product/vitamin-face-masks-P500743?skuId=2568707&icid2=products%20grid:p500743:product',14,3,'https://www.sephora.com/productimages/sku/s2568707-main-zoom.jpg?imwidth=612',5,'These individual face masks are enriched with vitamins (B3, B6, C, and E) and plant extracts to meet the needs of various skin concerns. The highly absorbent mask fits perfectly on the skin leaving the skin hydrated, radiant, and nourished.');
INSERT INTO products(productName, productCode, productUrl, brandId, catigoryId,img,price,description) VALUES ('Clean Foot Mask','P461520','https://www.sephora.com/product/sephora-collection-clean-foot-mask-P461520?skuId=2560431&icid2=products%20grid:p461520:product',14,3,'https://www.sephora.com/productimages/sku/s2560431-main-zoom.jpg?imwidth=612',5,'The Sephora Collection foot masks are enriched with plant extracts in a gel formula for a shot of intense care in just 20 minutes. They are available in two flavors, and the ingredients have been selected to meet the needs of your feet. The coconut mask is nourishing and repairing, rich in fatty acids, and can be used to soothe dry feet. The cactus mask is refreshing and contains ingredients known to hydrates and "wake up" tired feet.');
INSERT INTO products(productName, productCode, productUrl, brandId, catigoryId,img,price,description) VALUES ('Chloé Perfumed Deodorant Spray','P380545','https://www.sephora.com/product/chloe-perfumed-deodorant-spray-P380545?skuId=1425453&icid2=products%20grid:p380545:product',26,6,'https://www.sephora.com/productimages/sku/s1425453-main-zoom.jpg?imwidth=612',32,'A deodorant in spray format with a refreshing and lightly scented formula.This deodorant spray has a highly effective formula that keeps the underarm area free of sweating and away from unpleasant odors.In addition, it has been scented with the CHLOÉ SIGNATURE fragrance, included in the Floral Oriental family, in which notes such as peony, freesia, lychee, rose, lily of the valley, magnolia, amber and Virginia cedar stand out.A soft velvety mist to care for and pamper the delicate skin of the area.');
INSERT INTO products(productName, productCode, productUrl, brandId, catigoryId,img,price,description) VALUES ('Dean Street Gentle Body Wash','P449773','https://www.sephora.com/product/body-cleanser-P449773?skuId=2269462&icid2=products%20grid:p449773:product',20,6,'https://www.sephora.com/productimages/sku/s2269462-main-zoom.jpg?imwidth=612',28,' This cleanser is scented with a fruity, floral blend of citrus fruits, apricot, rose, magnolia, violet, amber and linden blossom to invigorate the senses.');
INSERT INTO products(productName, productCode, productUrl, brandId, catigoryId,img,price,description) VALUES ('Cleansing Scalp & Body Sugar Scrub','P434221','https://www.sephora.com/product/scalp-body-scrub-P434221?skuId=2124121&icid2=products%20grid:p434221:product',20,6,'https://www.sephora.com/productimages/sku/s2124121-main-zoom.jpg?imwidth=612',38,'The Scalp & Body Scrub is scented with a rose fragrance with hints of bergamot, lychee, cedarwood and white musk.');
INSERT INTO products(productName, productCode, productUrl, brandId, catigoryId,img,price,description) VALUES ('Sugar Body Scrub','P455221','https://www.sephora.com/product/sephora-collection-sugar-body-scrub-P455221?skuId=2271062&icid2=products%20grid:p455221:product',14,6,'https://www.sephora.com/productimages/sku/s2271062-main-zoom.jpg?imwidth=612',18,'This scrub leaves the skin soft and nurtured while its melting texture gently smooths the skin and can be rinsed off easily without leaving a greasy film.');
INSERT INTO products(productName, productCode, productUrl, brandId, catigoryId,img,price,description) VALUES ('Body Lava Body Luminizer','P04546871','https://www.sephora.com/product/body-lava-P04546871?skuId=2340438&icid2=products%20grid:p04546871:product',27,6,'https://www.sephora.com/productimages/sku/s2340438-main-zoom.jpg?imwidth=612',29,'This lightweight, subtly shimmering, skin-enhancing body tint gives you buildable and blendable coverage. The gel-cream formula is humidity-, sweat-, and transfer-resistant, and its smooth-glide texture blends into skin for healthy-looking radiance to accentuate your skin tone.');
INSERT INTO products(productName, productCode, productUrl, brandId, catigoryId,img,price,description) VALUES ('Jadore Soap','P380620','https://www.sephora.com/product/j-adore-soap-P380620?skuId=1078823&icid2=products%20grid:p3806',2,6,'https://www.sephora.com/productimages/sku/s1078823-main-zoom.jpg?imwidth=612',30,'The fragrance opens with the exotic, floral-fruity notes of ylang ylang, while Damascus rose and Grasse jasmine and Indian jasmine sambac exude a seductive warmth.');
INSERT INTO products(productName, productCode, productUrl, brandId, catigoryId,img,price,description) VALUES ('Mini Soleil Neige Shimmering Body Oil','P477827','https://www.sephora.com/product/tom-ford-soleil-neige-mini-shimmering-body-oil-P477827?skuId=2475341&icid2=products%20grid:p477827:product',6,6,'https://www.sephora.com/productimages/sku/s2475341-main-zoom.jpg?imwidth=612',34,'Silky, lightweight, and illuminating, Tom Ford Shimmering Body Oil captures the sultry effect of light-reflective, lucent skin with shimmers of platinum leaf and tempts the senses with the citrus floral musk of Private Blend Soleil Neige. The escapist fragrance mimics the serene shimmer of sun on snow.');
INSERT INTO products(productName, productCode, productUrl, brandId, catigoryId,img,price,description) VALUES ('Supplement Case','P469196','https://www.sephora.com/product/sephora-collection-supplement-case-P469196?skuId=2398287&icid2=products%20grid:p469196:product',14,6,'https://www.sephora.com/productimages/sku/s2398287-main-zoom.jpg?imwidth=612',10,'The supplement case is travel friendly with three built-in compartments to keep supplements separated and organized.');
INSERT INTO products(productName, productCode, productUrl, brandId, catigoryId,img,price,description) VALUES ('Rose Hair & Body Oil','P419005','https://www.sephora.com/product/rose-hair-body-oil-P419005?skuId=1837194&icid2=products%20grid:p419005:product',20,6,'https://www.sephora.com/productimages/sku/s1837194-main-zoom.jpg?imwidth=612',32,'This luxurious, rose hair and body oil is a silicone-free fusion of nutrient-rich oils from all over the world. It is fast-absorbing and illuminates the hair and skin as it restores moisture and diminishes the appearance of damage.');
INSERT INTO products(productName, productCode, productUrl, brandId, catigoryId,img,price,description) VALUES ('Medium Hair Conditioner','P455862','https://www.sephora.com/product/ouai-haircare-medium-hair-conditioner-P455862?icid2=:p455862:product',20,7,'https://www.sephora.com/productimages/sku/s2319887-main-zoom.jpg?imwidth=612',32,'This incredible, do-it-all formula tackles the most common concerns for your hair type. OUAIs bottles and caps are fully recyclable and made with 20 percent post-consumer recycled materials. Its also scented with Mercer Street, a rose fragrance with notes of Italian lemon, jasmine, and white musk.');
INSERT INTO products(productName, productCode, productUrl, brandId, catigoryId,img,price,description) VALUES ('Detox Shampoo','P457223','https://www.sephora.com/product/ouai-haircare-detox-shampoo-P457223?skuId=2319820&icid2=products%20grid:p457223:product',20,7,'https://www.sephora.com/productimages/sku/s2319820-main-zoom.jpg?imwidth=612',32,'This cleansing shampoo is infused with hydrolyzed keratin making it color safe. It is scented with Melrose—a rose fragrance with hints of bergamot, lychee, cedarwood, and white musk. Use Detox Shampoo 1x a week when your hair and scalp feels like it needs a deeper cleanse (scalp is oily, hair is lacking shine, curls have lost volume and/or shape, etc).');
INSERT INTO products(productName, productCode, productUrl, brandId, catigoryId,img,price,description) VALUES ('Multi-Peptide Serum for Hair Density','P442831','https://www.sephora.com/product/multi-peptide-serum-for-hair-density-P442831?skuId=2210722&icid2=products%20grid:p442831:product',1,7,'https://www.sephora.com/productimages/sku/s2210722-main-zoom.jpg?imwidth=612',22,'This concentrated formula is designed to support hair health so that it looks thicker, denser, fuller, and healthier. The technologies present in this formula include Redensyl complex (with larix europaea wood extract and camellia sinensis leaf extract), Procapil peptide complex (with biotinoyl tripeptide-1), Capixyl™ peptide complex (with acetyl tetrapeptide-3 and trifolium pratense flower extract), Baicapil complex (with scutellaria baicalensis root extract, triticum vulgare germ extract, and glycine soja germ extract), AnaGain™ (pisum sativum extract) and high-solubility caffeine (one percent net caffeine by weight), in an ultra-lightweight, emollient base for efficient penetration.');
INSERT INTO products(productName, productCode, productUrl, brandId, catigoryId,img,price,description) VALUES ('Break Apart Brush Set','P458732','https://www.sephora.com/product/sephora-collection-sclean-break-apart-brush-set-P458732?skuId=2311868&icid2=products%20grid:p458732:product',14,4,'https://www.sephora.com/productimages/sku/s2311868-main-zoom.jpg?imwidth=612',40,'These brushes are made with the environment in mind. Each brush can be taken apart after its useful life—the handles and ferrules are all made of glue-free PLA plastic that can biodegrade in appropriate conditions. The brushes should only be taken apart once you are ready to compost.');
INSERT INTO products(productName, productCode, productUrl, brandId, catigoryId,img,price,description) VALUES ('Pencil Sharpener','P84818','https://www.sephora.com/product/pencil-sharpener-P84818?skuId=804070&icid2=products%20grid:p84818:product',9,4,'https://www.sephora.com/productimages/sku/s804070-main-zoom.jpg?imwidth=612',7,'This custom-designed, dual-blade sharpener is the essential tool for sharpening pencils of every size. Perfect for delivering a more professional and precise application, it also features a blade cleaner and a cover to capture shavings.');
INSERT INTO products(productName, productCode, productUrl, brandId, catigoryId,img,price,description) VALUES ('4 Piece Facial Razor Set','P465808','https://www.sephora.com/product/sephora-collection-4-piece-facial-razor-set-P465808?skuId=2373470&icid2=products%20grid:p465808:product',14,4,'https://www.sephora.com/productimages/sku/s2373470-main-zoom.jpg?imwidth=612',12,'Gently remove facial hair and "peach fuzz" in the direction of hair growth. Shape, clean up, and groom brows. The handles slight curve allows for comfortable, close and precise shave. Comes in reusable. pouch perfect for travel. Relax knowing your close ups are picture perfect.');
INSERT INTO products(productName, productCode, productUrl, brandId, catigoryId,img,price,description) VALUES ('BEAR™ mini Facial Toning Device','P461936','https://www.sephora.com/product/foreo-bear-mini-facial-toning-device-P461936?skuId=2384709&icid2=products%20grid:p461936:product',15,4,'https://www.sephora.com/productimages/sku/s2384709-main-zoom.jpg?imwidth=612',219,'The BEAR mini features the same microcurrent technology as BEAR™ in a mini version with three intensity levels that address the initial signs of aging on smaller areas of the face. T-Sonic™ pulsations provide an energizing facial experience.');
INSERT INTO products(productName, productCode, productUrl, brandId, catigoryId,img,price,description) VALUES ('UFO™ 2','P468652','https://www.sephora.com/product/foreo-ufo-2-P468652?skuId=2426302&icid2=products%20grid:p468652:product',15,4,'https://www.sephora.com/productimages/sku/s2426302-main-zoom.jpg?imwidth=612',299,' Featuring faster heating, cooling, and RED-light therapy within its full spectrum LED light therapy, the UFO™ 2 brings spa-level treatments into your home. Pair UFO™ 2 with FOREOs UFO™ Activated Masks (sold separately) or use with your favorite sheet masks to hyper-infuse its ingredients to unlock visibly brighter-glowing skin.');
INSERT INTO products(productName, productCode, productUrl, brandId, catigoryId,img,price,description) VALUES ('Clean Hair Sleeping Mask','P461523','https://www.sephora.com/product/sephora-collection-clean-hair-sleeping-mask-P461523?skuId=2283117&icid2=products%20grid:p461523:product',14,7,'https://www.sephora.com/productimages/sku/s2283117-main-zoom.jpg?imwidth=612',5,'Sephora Collections cream masks are applied to your hair before bed by placing the cute cap to cover your hair while you sleep. Each mask works effortlessly overnight for beautiful, nourished hair when you wake up. Its formula is infused with mango butter derived from the fruits kernel. Thanks to its concentration of fatty acids, it nourishes and repairs damaged hair.');

INSERT INTO products(productName,productCode,productUrl,brandId,catigoryId,img,price,description) 
 VALUES
 ('Chloé Eau de Parfum','P256308','https://www.sephora.com/product/chloe-eau-de-parfum-P256308?skuId=1239813&icid2=products%20grid:p256308:product',26,5,'https://www.sephora.com/productimages/sku/s1239813-main-zoom.jpg?imwidth=375',143,'Freedom, lightness and femininity: these are the principles on which Chloé was founded in Paris more than 60 years ago. Today Chloés vision of romantic, effortless chic lives in ready-to-wear, accessories, and fragrances.'),
 ('Chloé Naturelle Eau de Parfum','P477723','https://www.sephora.com/product/chloe-chloe-naturelle-eau-de-parfum-P477723?skuId=2471415&icid2=products%20grid:p477723:product',26,5,'https://www.sephora.com/productimages/sku/s2471415-main-zoom.jpg?imwidth=1500',118,'The hero ingredient of this eau de parfum is a handpicked and ethically sourced organic rose, which opens the perfume with an airy and feminine aura complemented by Moroccan neroli. It also has notes of fresh and delicate cedrat essence mingled with green, sparkling black currant for an assertive spirit, while base notes of cedar essence add a powerful woody facet. This fragrance also has sensual mimosa highlights that round out the scent character and elevate the floral heart notes.'),
 ('Nomade Eau de Parfum','P428451','https://www.sephora.com/product/nomade-eau-de-parfum-P428451?skuId=2037471&icid2=products%20grid:p428451:product',26,5,'https://www.sephora.com/productimages/sku/s2037471-main-zoom.jpg?imwidth=1500',143,'Nomade evokes a vision of escape and openness to the world. A perfume that captures the spirit of Chloé, with its distinctive assertiveness and freedom, staying true to the woman who wears it.')
,('COCO MADEMOISELLE Eau de Parfum','P12495','https://www.sephora.com/product/coco-mademoiselle-P12495?skuId=513168&icid2=products%20grid:p12495:product',21,5,'https://www.sephora.com/productimages/sku/s513168-main-zoom.jpg?imwidth=1500',116,' Irresistibly sexy, irrepressibly spirited. A sparkling ambery fragrance that recalls a daring young Coco Chanel. An absolutely modern composition with a strong yet surprisingly fresh character.'),
('CHANCE EAU FRAÎCHE Eau de Toilette','P257900','https://www.sephora.com/product/chance-P257900?skuId=1001098&icid2=products%20grid:p257900:product',21,5,'https://www.sephora.com/product/chance-P257900?skuId=1001098&icid2=products%20grid:p257900:product',125,'A fresh, sparkling floral expression of CHANCE—a surge of energy that sweeps you into a whirlwind of happiness and fantasy.COMPOSITION: A whirlwind of energy and vitality intertwines the zesty freshness of Citron with the softness of Jasmine and the vibrant presence of Teak Wood.'),
('AHA 30% + BHA 2% Exfoliating Peeling Solution','p442563','https://www.sephora.com/product/aha-30-bha-2-peeling-solution-P442563?skuId=2210607&icid2=products%20grid:p442563:product',1,3,'https://www.sephora.com/productimages/sku/s2210607-main-zoom.jpg?imwidth=612',9.50,'This 10-minute exfoliating facial uses a combined 30 percent AHA (alpha hydroxy acid) and two percent BHA (beta hydroxy acid) to diminish the look of blemishes. It smooths the look of skin texture for a more radiant look.'),
('Hyaluronic Acid 2% + B5 Hydrating Serum','p427419','https://www.sephora.com/product/the-ordinary-deciem-hyaluronic-acid-2-b5-P427419?skuId=2031375&icid2=products%20grid:p427419:product',1,3,'https://www.sephora.com/productimages/sku/s2031375-main-zoom.jpg?imwidth=612',8.90,'This formulation combines low, medium, and high molecular weight hyaluronic acid, as well as a next-generation H.A. crosspolymer at a combined concentration of two percent for multi-depth hydration. This system is supported with the addition of B5 for enhanced hydration.'),
('Multi-Peptide Serum for Hair Density','P442831','https://www.sephora.com/product/multi-peptide-serum-for-hair-density-P442831?skuId=2210722&icid2=products%20grid:p442831:product',1,3,'https://www.sephora.com/productimages/sku/s2210722-main-zoom.jpg?imwidth=1500',21.70,'This concentrated formula is designed to support hair health so that it looks thicker, denser, fuller, and healthier. The technologies present in this formula include Redensyl complex (with larix europaea wood extract and camellia sinensis leaf extract), Procapil peptide complex (with biotinoyl tripeptide-1), Capixyl™ peptide complex (with acetyl tetrapeptide-3 and trifolium pratense flower extract), Baicapil complex (with scutellaria baicalensis root extract, triticum vulgare germ extract, and glycine soja germ extract), AnaGain™ (pisum sativum extract) and high-solubility caffeine (one percent net caffeine by weight), in an ultra-lightweight, emollient base for efficient penetration.'),
('100% L-Ascorbic Acid Powder','P455338','https://www.sephora.com/product/the-ordinary-100-l-ascorbic-acid-powder-P455338?skuId=2336451&icid2=products%20grid:p455338:product',1,3,'https://www.sephora.com/productimages/sku/s2336451-main-zoom.jpg?imwidth=315',6.40,'This formula offers a very fine L-Ascorbic Acid powder that visibly targets the appearance of uneven skin tone, dullness, and signs of aging and is formulated to be mixed with other treatments (except those containing niacinamide or EUK 134).')
;


COMMIT;